{
	"Alice Blue": [ 0.94117647058824, 0.97254901960784, 1 ],
	"Antique White": [ 0.98039215686275, 0.92156862745098, 0.84313725490196 ],
	"Aqua": [ 0, 1, 1 ],
	"Aquamarine": [ 0.49803921568627, 1, 0.83137254901961 ],
	"Azure": [ 0.94117647058824, 1, 1 ],
	"Beige": [ 0.96078431372549, 0.96078431372549, 0.86274509803922 ],
	"Bisque": [ 1, 0.89411764705882, 0.76862745098039 ],
	"Black": [ 0, 0, 0 ],
	"Blanched Almond": [ 1, 0.92156862745098, 0.80392156862745 ],
	"Blue": [ 0, 0, 1 ],
	"Blue Violet": [ 0.54117647058824, 0.16862745098039, 0.88627450980392 ],
	"Brown": [ 0.64705882352941, 0.16470588235294, 0.16470588235294 ],
	"Burlywood": [ 0.87058823529412, 0.72156862745098, 0.52941176470588 ],
	"Cadet Blue": [ 0.37254901960784, 0.61960784313725, 0.62745098039216 ],
	"Chartreuse": [ 0.49803921568627, 1, 0 ],
	"Chocolate": [ 0.82352941176471, 0.41176470588235, 0.11764705882353 ],
	"Coral": [ 0.37254901960784, 0.61960784313725, 0.62745098039216 ],
	"Cornflower": [ 0.3921568627451, 0.5843137254902, 0.92941176470588 ],
	"Cornsilk": [ 1, 0.97254901960784, 0.86274509803922 ],
	"Crimson": [ 0.86274509803922, 0.07843137254902, 0.23529411764706 ],
	"Cyan": [ 0, 1, 1 ],
	"Dark Blue": [ 0, 0, 0.54509803921569 ],
	"Dark Cyan": [ 0, 0.54509803921569, 0.54509803921569 ],
	"Dark Goldenrod": [ 0.72156862745098, 0.52549019607843, 0.043137254901961 ],
	"Dark Gray": [ 0.66274509803922, 0.66274509803922, 0.66274509803922 ],
	"Dark Green": [ 0, 0.3921568627451, 0 ],
	"Dark Khaki": [ 0.74117647058824, 0.71764705882353, 0.41960784313725 ],
	"Dark Magenta": [ 0.54509803921569, 0, 0.54509803921569 ],
	"Dark Olive Green": [ 0.33333333333333, 0.41960784313725, 0.1843137254902 ],
	"Dark Orange": [ 1, 0.54901960784314, 0 ],
	"Dark Orchid": [ 0.6, 0.19607843137255, 0.8 ],
	"Dark Red": [ 0.54509803921569, 0, 0 ],
	"Dark Salmon": [ 0.91372549019608, 0.58823529411765, 0.47843137254902 ],
	"Dark Sea Green": [ 0.56078431372549, 0.73725490196078, 0.56078431372549 ],
	"Dark Slate Blue": [ 0.28235294117647, 0.23921568627451, 0.54509803921569 ],
	"Dark Slate Gray": [ 0.1843137254902, 0.30980392156863, 0.30980392156863 ],
	"Dark Turquoise": [ 0, 0.8078431372549, 0.81960784313725 ],
	"Dark Violet": [ 0.58039215686275, 0, 0.82745098039216 ],
	"Deep Pink": [ 1, 0.07843137254902, 0.57647058823529 ],
	"Deep Sky Blue": [ 0, 0.74901960784314, 1 ],
	"Dim Gray": [ 0.41176470588235, 0.41176470588235, 0.41176470588235 ],
	"Dodger Blue": [ 0.11764705882353, 0.56470588235294, 1 ],
	"Firebrick": [ 0.69803921568627, 0.13333333333333, 0.13333333333333 ],
	"Floral White": [ 1, 0.98039215686275, 0.94117647058824 ],
	"Forest Green": [ 0.13333333333333, 0.54509803921569, 0.13333333333333 ],
	"Fuchsia": [ 1, 0, 1 ],
	"Gainsboro": [ 0.86274509803922, 0.86274509803922, 0.86274509803922 ],
	"Ghost White": [ 0.97254901960784, 0.97254901960784, 1 ],
	"Gold": [ 1, 0.84313725490196, 0 ],
	"Goldenrod": [ 0.85490196078431, 0.64705882352941, 0.12549019607843 ],
	"Gray": [ 0.74509803921569, 0.74509803921569, 0.74509803921569 ],
	"Gray-W3C": [ 0.50196078431373, 0.50196078431373, 0.50196078431373 ],
	"Gray-X11": [ 0.74509803921569, 0.74509803921569, 0.74509803921569 ],
	"Green Yellow": [ 0.67843137254902, 1, 0.1843137254902 ],
	"Green-W3C": [ 0, 0.50196078431373, 0 ],
	"Green-X11": [ 0, 1, 0 ],
	"Honeydew": [ 0.94117647058824, 1, 0.94117647058824 ],
	"Hot Pink": [ 1, 0.41176470588235, 0.70588235294118 ],
	"Indian Red": [ 0.80392156862745, 0.36078431372549, 0.36078431372549 ],
	"Indigo": [ 0.29411764705882, 0, 0.50980392156863 ],
	"Ivory": [ 1, 1, 0.94117647058824 ],
	"Khaki": [ 0.94117647058824, 0.90196078431373, 0.54901960784314 ],
	"Lavender": [ 0.90196078431373, 0.90196078431373, 0.98039215686275 ],
	"Lavender Blush": [ 1, 0.94117647058824, 0.96078431372549 ],
	"Lawn Green": [ 0.48627450980392, 0.98823529411765, 0 ],
	"Lemon Chiffon": [ 1, 0.98039215686275, 0.80392156862745 ],
	"Light Blue": [ 0.67843137254902, 0.84705882352941, 0.90196078431373 ],
	"Light Coral": [ 0.94117647058824, 0.50196078431373, 0.50196078431373 ],
	"Light Cyan": [ 0.87843137254902, 1, 1 ],
	"Light Goldenrod": [ 0.98039215686275, 0.98039215686275, 0.82352941176471 ],
	"Light Gray": [ 0.82745098039216, 0.82745098039216, 0.82745098039216 ],
	"Light Green": [ 0.56470588235294, 0.93333333333333, 0.56470588235294 ],
	"Light Pink": [ 1, 0.71372549019608, 0.75686274509804 ],
	"Light Salmon": [ 1, 0.62745098039216, 0.47843137254902 ],
	"Light Sea Green": [ 0.12549019607843, 0.69803921568627, 0.66666666666667 ],
	"Light Sky Blue": [ 0.52941176470588, 0.8078431372549, 0.98039215686275 ],
	"Light Slate Gray": [ 0.46666666666667, 0.53333333333333, 0.6 ],
	"Light Steel Blue": [ 0.69019607843137, 0.76862745098039, 0.87058823529412 ],
	"Light Yellow": [ 1, 1, 0.87843137254902 ],
	"Lime Green": [ 0.19607843137255, 0.80392156862745, 0.19607843137255 ],
	"Lime-W3C": [ 0, 1, 0 ],
	"Linen": [ 0.98039215686275, 0.94117647058824, 0.90196078431373 ],
	"Magenta": [ 1, 0, 1 ],
	"Maroon-W3C": [ 0.49803921568627, 0, 0 ],
	"Maroon-X11": [ 0.69019607843137, 0.18823529411765, 0.37647058823529 ],
	"Medium Aquamarine": [ 0.4, 0.80392156862745, 0.66666666666667 ],
	"Medium Blue": [ 0, 0, 0.80392156862745 ],
	"Medium Orchid": [ 0.72941176470588, 0.33333333333333, 0.82745098039216 ],
	"Medium Purple": [ 0.57647058823529, 0.43921568627451, 0.85882352941176 ],
	"Medium Sea Green": [ 0.23529411764706, 0.70196078431373, 0.44313725490196 ],
	"Medium Slate Blue": [ 0.48235294117647, 0.4078431372549, 0.93333333333333 ],
	"Medium Spring Green": [ 0, 0.98039215686275, 0.60392156862745 ],
	"Medium Turquoise": [ 0.28235294117647, 0.81960784313725, 0.8 ],
	"Medium Violet Red": [ 0.78039215686275, 0.082352941176471, 0.52156862745098 ],
	"Midnight Blue": [ 0.098039215686275, 0.098039215686275, 0.43921568627451 ],
	"Mint Cream": [ 0.96078431372549, 1, 0.98039215686275 ],
	"Misty Rose": [ 1, 0.89411764705882, 0.88235294117647 ],
	"Moccasin": [ 1, 0.89411764705882, 0.70980392156863 ],
	"Navajo White": [ 1, 0.87058823529412, 0.67843137254902 ],
	"Navy": [ 0, 0, 0.50196078431373 ],
	"Old Lace": [ 0.9921568627451, 0.96078431372549, 0.90196078431373 ],
	"Olive": [ 0.50196078431373, 0.50196078431373, 0 ],
	"Olive Drab": [ 0.41960784313725, 0.55686274509804, 0.13725490196078 ],
	"Orange": [ 1, 0.64705882352941, 0 ],
	"Orchid": [ 0.85490196078431, 0.43921568627451, 0.83921568627451 ],
	"Pale Goldenrod": [ 0.93333333333333, 0.90980392156863, 0.66666666666667 ],
	"Pale Green": [ 0.59607843137255, 0.9843137254902, 0.59607843137255 ],
	"Pale Turquoise": [ 0.68627450980392, 0.93333333333333, 0.93333333333333 ],
	"Pale Violet Red": [ 0.85882352941176, 0.43921568627451, 0.57647058823529 ],
	"Papaya Whip": [ 1, 0.93725490196078, 0.83529411764706 ],
	"Peach Puff": [ 1, 0.85490196078431, 0.72549019607843 ],
	"Peru": [ 0.80392156862745, 0.52156862745098, 0.24705882352941 ],
	"Pink": [ 1, 0.75294117647059, 0.79607843137255 ],
	"Plum": [ 0.86666666666667, 0.62745098039216, 0.86666666666667 ],
	"Powder Blue": [ 0.69019607843137, 0.87843137254902, 0.90196078431373 ],
	"Purple-W3C": [ 0.49803921568627, 0, 0.49803921568627 ],
	"Purple-X11": [ 0.62745098039216, 0.12549019607843, 0.94117647058824 ],
	"Red": [ 1, 0, 0 ],
	"Rosy Brown": [ 0.73725490196078, 0.56078431372549, 0.56078431372549 ],
	"Royal Blue": [ 0.25490196078431, 0.41176470588235, 0.88235294117647 ],
	"Saddle Brown": [ 0.54509803921569, 0.27058823529412, 0.074509803921569 ],
	"Salmon": [ 0.98039215686275, 0.50196078431373, 0.44705882352941 ],
	"Sandy Brown": [ 0.95686274509804, 0.64313725490196, 0.37647058823529 ],
	"Sea Green": [ 0.18039215686275, 0.54509803921569, 0.34117647058824 ],
	"Seashell": [ 1, 0.96078431372549, 0.93333333333333 ],
	"Sienna": [ 0.62745098039216, 0.32156862745098, 0.17647058823529 ],
	"Silver-W3C": [ 0.75294117647059, 0.75294117647059, 0.75294117647059 ],
	"Sky Blue": [ 0.52941176470588, 0.8078431372549, 0.92156862745098 ],
	"Slate Blue": [ 0.4156862745098, 0.35294117647059, 0.80392156862745 ],